{"$schema":"http://schema.management.azure.com/schemas/2015-01-01/deploymentTemplate.json#","contentVersion":"1.0.0.0","parameters":{"factoryName":{"type":"string","metadata":"Data Factory name"},"PCDLdb":{"type":"string"},"IdapStoragePowerBI":{"type":"string"}},"variables":{"factoryId":"[concat('Microsoft.DataFactory/factories/', parameters('factoryName'))]"},"resources":[{"name":"[concat(parameters('factoryName'), '/CDC_SCD2_Generic')]","type":"Microsoft.DataFactory/factories/pipelines","apiVersion":"2018-06-01","properties":{"activities":[{"name":"Lookup Client Tables","type":"Lookup","dependsOn":[],"policy":{"timeout":"7.00:00:00","retry":0,"retryIntervalInSeconds":30,"secureOutput":false,"secureInput":false},"userProperties":[],"typeProperties":{"source":{"type":"AzureSqlSource","sqlReaderQuery":{"value":"SELECT \n*\nfrom [Generic].[ClientMetadataTable_test] \nwhere FirmId = @{pipeline().parameters.ClientID} AND DataLoadLayer = 'Staging to CDC' AND ActiveFlag = 1","type":"Expression"},"queryTimeout":"02:00:00","partitionOption":"None"},"dataset":{"referenceName":"PCDLDB2_SP_Test_v21","type":"DatasetReference","parameters":{}},"firstRowOnly":false}},{"name":"CDC For Each Table","type":"ForEach","dependsOn":[{"activity":"Lookup Client Tables","dependencyConditions":["Succeeded"]}],"userProperties":[],"typeProperties":{"items":{"value":"@activity('Lookup Client Tables').output.value","type":"Expression"},"isSequential":true,"activities":[{"name":"Set CDC for current Dimension","type":"ExecutePipeline","dependsOn":[],"userProperties":[],"typeProperties":{"pipeline":{"referenceName":"Identify and Set CDC_v2","type":"PipelineReference"},"waitOnCompletion":true,"parameters":{"Table_Id":{"value":"@item().TableId","type":"Expression"},"Client_Id":{"value":"@pipeline().parameters.ClientID","type":"Expression"},"Src_Container_Name":{"value":"@item().SrcContainerName","type":"Expression"},"Src_Folder_Path":{"value":"@item().SrcDirctory","type":"Expression"},"Src_File_Name":{"value":"@item().SrcFileName","type":"Expression"},"ClientName":{"value":"@item().ClientName","type":"Expression"},"Table_Name":{"value":"@item().TableName","type":"Expression"},"Trg_Container_Name":{"value":"@item().TrgContainerName","type":"Expression"},"Trg_Folder_Path":{"value":"@item().TrgLocation","type":"Expression"},"Trg_FileName":{"value":"@item().TrgFileName","type":"Expression"}}}}]}},{"name":"Load All CDC Blob to Transient Table","type":"ForEach","dependsOn":[{"activity":"CDC For Each Table","dependencyConditions":["Succeeded"]}],"userProperties":[],"typeProperties":{"items":{"value":"@activity('Lookup Client Tables').output.value","type":"Expression"},"isSequential":false,"batchCount":2,"activities":[{"name":"Dim Table Details","type":"Lookup","dependsOn":[],"policy":{"timeout":"0.12:00:00","retry":0,"retryIntervalInSeconds":30,"secureOutput":false,"secureInput":false},"userProperties":[],"typeProperties":{"source":{"type":"AzureSqlSource","sqlReaderQuery":{"value":"SELECT \nSrcDBSchemaName\n,SrcDBTableName\nFROM [Generic].[ClientMetadataTable_test] \nWHERE TableName = '@{item().TableName}' AND FirmId = @{item().FirmId} AND DataLoadLayer = 'Update Dimension'","type":"Expression"},"queryTimeout":"02:00:00","partitionOption":"None"},"dataset":{"referenceName":"PCDLDB2_SP_Test_v21","type":"DatasetReference","parameters":{}}}},{"name":"Load Transient Table","type":"Copy","dependsOn":[{"activity":"Dim Table Details","dependencyConditions":["Succeeded"]}],"policy":{"timeout":"0.12:00:00","retry":0,"retryIntervalInSeconds":30,"secureOutput":false,"secureInput":false},"userProperties":[],"typeProperties":{"source":{"type":"DelimitedTextSource","storeSettings":{"type":"AzureBlobStorageReadSettings","recursive":true,"wildcardFolderPath":{"value":"@{concat(item().TrgLocation, '/', item().TrgFileName)}","type":"Expression"},"wildcardFileName":"*","enablePartitionDiscovery":false},"formatSettings":{"type":"DelimitedTextReadSettings"}},"sink":{"type":"AzureSqlSink","preCopyScript":{"value":"IF EXISTS \n\t(SELECT TABLE_NAME\n\tFROM\n\t\t  INFORMATION_SCHEMA.TABLES Where TABLE_NAME = '@{activity('Dim Table Details').output.firstRow.SrcDBTableName}' AND TABLE_SCHEMA='@{activity('Dim Table Details').output.firstRow.SrcDBSchemaName}')\n\tBEGIN \n\t\t\tDROP TABLE @{activity('Dim Table Details').output.firstRow.SrcDBSchemaName}.@{activity('Dim Table Details').output.firstRow.SrcDBTableName}\n\tEND","type":"Expression"},"writeBehavior":"insert","sqlWriterUseTableLock":false,"tableOption":"autoCreate","disableMetricsCollection":false},"enableStaging":false,"translator":{"type":"TabularTranslator","typeConversion":true,"typeConversionSettings":{"allowDataTruncation":true,"treatBooleanAsNumber":false}}},"inputs":[{"referenceName":"SML_DL_Blob_test_v21","type":"DatasetReference","parameters":{"ContainerName":{"value":"@item().TrgContainerName","type":"Expression"},"FolderName":{"value":"@item().TrgLocation","type":"Expression"},"FileName":{"value":"@item().TrgFileName","type":"Expression"}}}],"outputs":[{"referenceName":"PCDLDB2_dataset_test_v21","type":"DatasetReference","parameters":{"SchemaName":{"value":"@activity('Dim Table Details').output.firstRow.SrcDBSchemaName","type":"Expression"},"TableName":{"value":"@activity('Dim Table Details').output.firstRow.SrcDBTableName","type":"Expression"}}}]},{"name":"Lookup CDC","type":"Lookup","dependsOn":[{"activity":"Load Transient Table","dependencyConditions":["Succeeded"]}],"policy":{"timeout":"0.12:00:00","retry":0,"retryIntervalInSeconds":30,"secureOutput":false,"secureInput":false},"userProperties":[],"typeProperties":{"source":{"type":"AzureSqlSource","sqlReaderQuery":{"value":"SELECT CDC_Flag, Count(*) as Row_Count\n  FROM @{activity('Dim Table Details').output.firstRow.SrcDBSchemaName}.@{activity('Dim Table Details').output.firstRow.SrcDBTableName}\n  Group by CDC_Flag","type":"Expression"},"queryTimeout":"02:00:00","partitionOption":"None"},"dataset":{"referenceName":"PCDLDB2_SP_Test_v21","type":"DatasetReference","parameters":{}},"firstRowOnly":false}}]}},{"name":"Load Dim FromEach Transient table","type":"ForEach","dependsOn":[{"activity":"Load All CDC Blob to Transient Table","dependencyConditions":["Succeeded"]},{"activity":"Lookup Client Tables for Dim Update","dependencyConditions":["Succeeded"]}],"userProperties":[],"typeProperties":{"items":{"value":"@activity('Lookup Client Tables for Dim Update').output.value","type":"Expression"},"isSequential":false,"batchCount":2,"activities":[{"name":"Update Target Dim Table using CDC","type":"ExecutePipeline","dependsOn":[],"userProperties":[],"typeProperties":{"pipeline":{"referenceName":"Update Target Dimension Table_v21","type":"PipelineReference"},"waitOnCompletion":true,"parameters":{"Dim_SchemaName":{"value":"@item().TgtDBSchemaName","type":"Expression"},"Dim_TableName":{"value":"@item().TgtDBTableName","type":"Expression"},"Client_Id":{"value":"@pipeline().parameters.ClientID","type":"Expression"},"Table_Id":{"value":"@item().TableId","type":"Expression"}}}}]}},{"name":"Lookup Client Tables for Dim Update","type":"Lookup","dependsOn":[],"policy":{"timeout":"7.00:00:00","retry":0,"retryIntervalInSeconds":30,"secureOutput":false,"secureInput":false},"userProperties":[],"typeProperties":{"source":{"type":"AzureSqlSource","sqlReaderQuery":{"value":"SELECT \n*\nfrom [Generic].[ClientMetadataTable_test] \nwhere FirmId = @{pipeline().parameters.ClientID} AND DataLoadLayer = 'Update Dimension' AND ActiveFlag = 1","type":"Expression"},"queryTimeout":"02:00:00","partitionOption":"None"},"dataset":{"referenceName":"PCDLDB2_SP_Test_v21","type":"DatasetReference","parameters":{}},"firstRowOnly":false}}],"policy":{"elapsedTimeMetric":{}},"parameters":{"ClientID":{"type":"string"}},"folder":{"name":"Development/Law Firms/Inc Load v2"},"annotations":[],"lastPublishTime":"2023-02-14T11:39:51Z"},"dependsOn":["[concat(variables('factoryId'), '/datasets/PCDLDB2_SP_Test_v21')]","[concat(variables('factoryId'), '/pipelines/Identify and Set CDC_v2')]","[concat(variables('factoryId'), '/datasets/SML_DL_Blob_test_v21')]","[concat(variables('factoryId'), '/datasets/PCDLDB2_dataset_test_v21')]","[concat(variables('factoryId'), '/pipelines/Update Target Dimension Table_v21')]"]},{"name":"[concat(parameters('factoryName'), '/PCDLDB2_SP_Test_v21')]","type":"Microsoft.DataFactory/factories/datasets","apiVersion":"2018-06-01","properties":{"linkedServiceName":{"referenceName":"[parameters('PCDLdb')]","type":"LinkedServiceReference"},"folder":{"name":"Development/Law Firms Generic/Law Firms Inc v2"},"annotations":[],"type":"AzureSqlTable","schema":[],"typeProperties":{}},"dependsOn":[]},{"name":"[concat(parameters('factoryName'), '/Identify and Set CDC_v2')]","type":"Microsoft.DataFactory/factories/pipelines","apiVersion":"2018-06-01","properties":{"activities":[{"name":"Get Primary Key","type":"Lookup","dependsOn":[],"policy":{"timeout":"7.00:00:00","retry":0,"retryIntervalInSeconds":30,"secureOutput":false,"secureInput":false},"userProperties":[],"typeProperties":{"source":{"type":"AzureSqlSource","sqlReaderQuery":{"value":"select STUFF((SELECT ',' + c.[TgtcolumnName]\nFROM [Generic].[ColumnsMapping]  as c\nWHERE c.FirmId = @{pipeline().parameters.Client_Id} AND c.TableId = @{pipeline().parameters.Table_Id} and c.ActiveFlag=1 AND PkFlag = 1\ngroup by [TgtcolumnName]  \norder by c.TgtcolumnName\nFOR XML PATH(''), TYPE\n).value('.', 'NVARCHAR(MAX)')\n,1,1,'') AS primary_keys","type":"Expression"},"queryTimeout":"02:00:00","partitionOption":"None"},"dataset":{"referenceName":"PCDLDB2_SP_Test_v21","type":"DatasetReference","parameters":{}},"firstRowOnly":true}},{"name":"CDC Data flow","type":"ExecuteDataFlow","dependsOn":[{"activity":"Get CDC Column Names","dependencyConditions":["Succeeded"]},{"activity":"Get Primary Key","dependencyConditions":["Succeeded"]},{"activity":"Dim Table to Blob","dependencyConditions":["Succeeded"]}],"policy":{"timeout":"1.00:00:00","retry":0,"retryIntervalInSeconds":30,"secureOutput":false,"secureInput":false},"userProperties":[],"typeProperties":{"dataflow":{"referenceName":"SCD_CDC_Generic_Dataflow_v2_copy11","type":"DataFlowReference","parameters":{"Change_Hash":{"value":"'@{activity('Get CDC Column Names').output.firstRow.cdc_columns}'","type":"Expression"},"Hash_Id":{"value":"'@{activity('Get Primary Key').output.firstRow.primary_keys}'","type":"Expression"},"Dim_blob_container":{"value":"'@{activity('Lookup Dim Load').output.firstRow.TrgContainerName}'","type":"Expression"},"Dim_blob_file_path":{"value":"'@{concat(activity('Lookup Dim Load').output.firstRow.TrgLocation, '/', activity('Lookup Dim Load').output.firstRow.TrgFileName)}'","type":"Expression"},"Src_blob_container":{"value":"'@{pipeline().parameters.Src_Container_Name}'","type":"Expression"},"Src_blob_file_path":{"value":"'@{concat(pipeline().parameters.Src_Folder_Path,'/', pipeline().parameters.Src_File_Name)}'","type":"Expression"},"Trg_blob_container":{"value":"'@{pipeline().parameters.Trg_Container_Name}'","type":"Expression"},"Trg_blob_file_path":{"value":"'@{concat(pipeline().parameters.Trg_Folder_Path, '/', pipeline().parameters.Trg_FileName)}'","type":"Expression"}},"datasetParameters":{"SourceBlob":{},"DimBlob":{},"TargetDimFile":{}}},"staging":{},"compute":{"coreCount":8,"computeType":"General"},"traceLevel":"Fine"}},{"name":"Get CDC Column Names","type":"Lookup","dependsOn":[],"policy":{"timeout":"7.00:00:00","retry":0,"retryIntervalInSeconds":30,"secureOutput":false,"secureInput":false},"userProperties":[],"typeProperties":{"source":{"type":"AzureSqlSource","sqlReaderQuery":{"value":"select STUFF((SELECT ',' + c.[TgtcolumnName]\nFROM [Generic].[ColumnsMapping]  as c\nWHERE c.FirmId = @{pipeline().parameters.Client_Id} AND c.TableId = @{pipeline().parameters.Table_Id} and c.ActiveFlag=1 AND CDCFlag = 1\ngroup by [TgtcolumnName]  \norder by c.TgtcolumnName\nFOR XML PATH(''), TYPE\n).value('.', 'NVARCHAR(MAX)')\n,1,1,'') AS cdc_columns","type":"Expression"},"queryTimeout":"02:00:00","partitionOption":"None"},"dataset":{"referenceName":"PCDLDB2_SP_Test_v21","type":"DatasetReference","parameters":{}},"firstRowOnly":true}},{"name":"Dim Table to Blob","type":"Copy","dependsOn":[{"activity":"Lookup Dim Load","dependencyConditions":["Succeeded"]}],"policy":{"timeout":"0.12:00:00","retry":0,"retryIntervalInSeconds":30,"secureOutput":false,"secureInput":false},"userProperties":[],"typeProperties":{"source":{"type":"AzureSqlSource","queryTimeout":"02:00:00","partitionOption":"None"},"sink":{"type":"DelimitedTextSink","storeSettings":{"type":"AzureBlobStorageWriteSettings"},"formatSettings":{"type":"DelimitedTextWriteSettings","quoteAllText":true,"fileExtension":".txt"}},"enableStaging":false,"translator":{"type":"TabularTranslator","typeConversion":true,"typeConversionSettings":{"allowDataTruncation":true,"treatBooleanAsNumber":false}}},"inputs":[{"referenceName":"PCDLDB2_dataset_test_v21","type":"DatasetReference","parameters":{"SchemaName":{"value":"@activity('Lookup Dim Load').output.firstRow.SrcDBSchemaName","type":"Expression"},"TableName":{"value":"@activity('Lookup Dim Load').output.firstRow.SrcDBTableName","type":"Expression"}}}],"outputs":[{"referenceName":"SML_DL_Blob_test_v21","type":"DatasetReference","parameters":{"ContainerName":{"value":"@activity('Lookup Dim Load').output.firstRow.TrgContainerName","type":"Expression"},"FolderName":{"value":"@activity('Lookup Dim Load').output.firstRow.TrgLocation","type":"Expression"},"FileName":{"value":"@activity('Lookup Dim Load').output.firstRow.TrgFileName","type":"Expression"}}}]},{"name":"Lookup Dim Load","type":"Lookup","dependsOn":[],"policy":{"timeout":"7.00:00:00","retry":0,"retryIntervalInSeconds":30,"secureOutput":false,"secureInput":false},"userProperties":[],"typeProperties":{"source":{"type":"AzureSqlSource","sqlReaderQuery":{"value":"SELECT \n*\nfrom [Generic].[ClientMetadataTable_test] \nwhere FirmId = @{pipeline().parameters.Client_Id} AND DataLoadLayer = 'Dim to Blob' AND ActiveFlag = 1 AND TableName = '@{pipeline().parameters.Table_Name}'","type":"Expression"},"queryTimeout":"02:00:00","partitionOption":"None"},"dataset":{"referenceName":"PCDLDB2_SP_Test_v21","type":"DatasetReference","parameters":{}},"firstRowOnly":true}}],"policy":{"elapsedTimeMetric":{}},"parameters":{"Table_Id":{"type":"string"},"Client_Id":{"type":"string"},"Src_Container_Name":{"type":"string"},"Src_Folder_Path":{"type":"string"},"Src_File_Name":{"type":"string"},"ClientName":{"type":"string"},"Table_Name":{"type":"string"},"Trg_Container_Name":{"type":"string"},"Trg_Folder_Path":{"type":"string"},"Trg_FileName":{"type":"string"}},"variables":{"FinalColumnList":{"type":"String"},"CurrentColumnList":{"type":"String"},"CurrentColumn":{"type":"String"},"FinalPKList":{"type":"String"},"CurrentPKList":{"type":"String"},"CurrentPK":{"type":"String"}},"folder":{"name":"Development/Law Firms/Inc Load v2"},"annotations":[],"lastPublishTime":"2023-02-15T08:42:36Z"},"dependsOn":["[concat(variables('factoryId'), '/datasets/PCDLDB2_SP_Test_v21')]","[concat(variables('factoryId'), '/dataflows/SCD_CDC_Generic_Dataflow_v2_copy11')]","[concat(variables('factoryId'), '/datasets/PCDLDB2_dataset_test_v21')]","[concat(variables('factoryId'), '/datasets/SML_DL_Blob_test_v21')]"]},{"name":"[concat(parameters('factoryName'), '/SML_DL_Blob_test_v21')]","type":"Microsoft.DataFactory/factories/datasets","apiVersion":"2018-06-01","properties":{"linkedServiceName":{"referenceName":"[parameters('IdapStoragePowerBI')]","type":"LinkedServiceReference"},"parameters":{"ContainerName":{"type":"string"},"FolderName":{"type":"string"},"FileName":{"type":"string"}},"folder":{"name":"Development/Law Firms Generic/Law Firms Inc v2"},"annotations":[],"type":"DelimitedText","typeProperties":{"location":{"type":"AzureBlobStorageLocation","fileName":{"value":"@dataset().FileName","type":"Expression"},"folderPath":{"value":"@dataset().FolderName","type":"Expression"},"container":{"value":"@dataset().ContainerName","type":"Expression"}},"columnDelimiter":",","escapeChar":"\\","firstRowAsHeader":true,"quoteChar":"\""},"schema":[{"type":"String"},{"type":"String"},{"type":"String"},{"type":"String"},{"type":"String"},{"type":"String"},{"type":"String"},{"type":"String"},{"type":"String"},{"type":"String"},{"type":"String"},{"type":"String"},{"type":"String"},{"type":"String"}]},"dependsOn":[]},{"name":"[concat(parameters('factoryName'), '/PCDLDB2_dataset_test_v21')]","type":"Microsoft.DataFactory/factories/datasets","apiVersion":"2018-06-01","properties":{"linkedServiceName":{"referenceName":"[parameters('PCDLdb')]","type":"LinkedServiceReference"},"parameters":{"SchemaName":{"type":"string"},"TableName":{"type":"string"}},"folder":{"name":"Development/Law Firms Generic/Law Firms Inc v2"},"annotations":[],"type":"AzureSqlTable","schema":[],"typeProperties":{"schema":{"value":"@dataset().SchemaName","type":"Expression"},"table":{"value":"@dataset().TableName","type":"Expression"}}},"dependsOn":[]},{"name":"[concat(parameters('factoryName'), '/Update Target Dimension Table_v21')]","type":"Microsoft.DataFactory/factories/pipelines","apiVersion":"2018-06-01","properties":{"activities":[{"name":"Get Update Expression","type":"Lookup","dependsOn":[],"policy":{"timeout":"7.00:00:00","retry":0,"retryIntervalInSeconds":30,"secureOutput":false,"secureInput":false},"userProperties":[],"typeProperties":{"source":{"type":"AzureSqlSource","sqlReaderQuery":{"value":"select STUFF((SELECT ',' + 'Trg.[' + c.[TgtcolumnName]+ ']' + '=' + 'Src.[' + c.[TgtcolumnName] + ']'\nFROM [Generic].[ColumnsMapping]  as c\nWHERE c.FirmId = @{pipeline().parameters.Client_Id} AND c.TableId = @{pipeline().parameters.Table_Id} and c.ActiveFlag=1 and c.CDCFlag=1\ngroup by [TgtcolumnName]  \norder by c.TgtcolumnName\nFOR XML PATH(''), TYPE\n).value('.', 'NVARCHAR(MAX)')\n,1,1,'') AS update_expr","type":"Expression"},"queryTimeout":"02:00:00","partitionOption":"None"},"dataset":{"referenceName":"PCDLDB2_SP_Test_v21","type":"DatasetReference","parameters":{}},"firstRowOnly":true}},{"name":"Get Column List","type":"Lookup","dependsOn":[],"policy":{"timeout":"7.00:00:00","retry":0,"retryIntervalInSeconds":30,"secureOutput":false,"secureInput":false},"userProperties":[],"typeProperties":{"source":{"type":"AzureSqlSource","sqlReaderQuery":{"value":"select STUFF((SELECT ',' + '[' + c.[TgtcolumnName] + ']'\nFROM [Generic].[ColumnsMapping]  as c\nWHERE c.FirmId = @{pipeline().parameters.Client_Id} AND c.TableId = @{pipeline().parameters.Table_Id} and c.ActiveFlag=1\ngroup by [TgtcolumnName]  \norder by c.TgtcolumnName\nFOR XML PATH(''), TYPE\n).value('.', 'NVARCHAR(MAX)')\n,1,1,'') AS tgt_columns","type":"Expression"},"queryTimeout":"02:00:00","partitionOption":"None"},"dataset":{"referenceName":"PCDLDB2_SP_Test_v21","type":"DatasetReference","parameters":{}},"firstRowOnly":true}},{"name":"Update Dimension Table","type":"SqlServerStoredProcedure","dependsOn":[{"activity":"Get Update Expression","dependencyConditions":["Succeeded"]},{"activity":"Get Column List","dependencyConditions":["Succeeded"]}],"policy":{"timeout":"0.12:00:00","retry":0,"retryIntervalInSeconds":30,"secureOutput":false,"secureInput":false},"userProperties":[],"typeProperties":{"storedProcedureName":"[[PCDL].[dynamic_Dimension_Load_SCD2_test]","storedProcedureParameters":{"DimTableName":{"value":{"value":"@pipeline().parameters.Dim_TableName","type":"Expression"},"type":"String"},"Insert_TgtColumnList":{"value":{"value":"@activity('Get Column List').output.firstRow.tgt_columns","type":"Expression"},"type":"String"},"Schema_Name":{"value":{"value":"@pipeline().parameters.Dim_SchemaName","type":"Expression"},"type":"String"},"Update_Expression":{"value":{"value":"@activity('Get Update Expression').output.firstRow.update_expr","type":"Expression"},"type":"String"}}},"linkedServiceName":{"referenceName":"[parameters('PCDLdb')]","type":"LinkedServiceReference"}}],"policy":{"elapsedTimeMetric":{}},"parameters":{"Dim_SchemaName":{"type":"string"},"Dim_TableName":{"type":"string"},"Client_Id":{"type":"string"},"Table_Id":{"type":"string"}},"variables":{"FinalColumnList":{"type":"String"},"CurrentColumnList":{"type":"String"},"CurrentColumn":{"type":"String"},"FinalUpdateExpr":{"type":"String"},"CurrentUpdateExpr":{"type":"String"},"FinalPKList":{"type":"String"},"CurrentPKList":{"type":"String"},"CurrentPK":{"type":"String"}},"folder":{"name":"Development/Law Firms/Inc Load v2"},"annotations":[],"lastPublishTime":"2023-02-14T11:39:50Z"},"dependsOn":["[concat(variables('factoryId'), '/datasets/PCDLDB2_SP_Test_v21')]"]},{"name":"[concat(parameters('factoryName'), '/SCD_CDC_Generic_Dataflow_v2_copy11')]","type":"Microsoft.DataFactory/factories/dataflows","apiVersion":"2018-06-01","properties":{"folder":{"name":"Development/LawFirms"},"type":"MappingDataFlow","typeProperties":{"sources":[{"linkedService":{"referenceName":"[parameters('IdapStoragePowerBI')]","type":"LinkedServiceReference"},"name":"SourceBlob"},{"linkedService":{"referenceName":"[parameters('IdapStoragePowerBI')]","type":"LinkedServiceReference"},"name":"DimBlob"}],"sinks":[{"linkedService":{"referenceName":"[parameters('IdapStoragePowerBI')]","type":"LinkedServiceReference"},"name":"TargetDimFile"}],"transformations":[{"name":"CreateChangeHashAndHashId"},{"name":"CheckNewRecordsFlag1"},{"name":"AddedColumnsCDCFlag1"},{"name":"CheckSoftDeleteRecordsFlag2"},{"name":"AddedColumnsCDCFlag2"},{"name":"CheckUpdatedRecordsFlag3"},{"name":"AddedColumnsCDCFlag3"},{"name":"TargetFileUnion"},{"name":"ChangeHashAndHashId"},{"name":"filterActiveFlag"}],"script":"parameters{\n\tChange_Hash as string,\n\tHash_Id as string,\n\tDim_blob_container as string,\n\tDim_blob_file_path as string,\n\tSrc_blob_container as string,\n\tSrc_blob_file_path as string,\n\tTrg_blob_container as string,\n\tTrg_blob_file_path as string\n}\nsource(useSchema: false,\n\tallowSchemaDrift: true,\n\tvalidateSchema: false,\n\tignoreNoFilesFound: false,\n\tformat: 'delimited',\n\tcontainer: ($Src_blob_container),\n\tcolumnDelimiter: ',',\n\tescapeChar: '\\\\',\n\tquoteChar: '\\\"',\n\tcolumnNamesAsHeader: true,\n\twildcardPaths:[($Src_blob_file_path)]) ~> SourceBlob\nsource(useSchema: false,\n\tallowSchemaDrift: true,\n\tvalidateSchema: false,\n\tignoreNoFilesFound: false,\n\tformat: 'delimited',\n\tcontainer: ($Dim_blob_container),\n\tcolumnDelimiter: ',',\n\tescapeChar: '\\\\',\n\tquoteChar: '\\\"',\n\tcolumnNamesAsHeader: true,\n\twildcardPaths:[($Dim_blob_file_path)]) ~> DimBlob\nSourceBlob derive(Change_Hash = md5(byNames(split($Change_Hash,','))),\n\t\tHash_Id = toString(array(byNames(split($Hash_Id,',')))),\n\tpartitionBy('hash', 1)) ~> CreateChangeHashAndHashId\nCreateChangeHashAndHashId, filterActiveFlag exists(ChangeHashAndHashId@Hash_Id == CreateChangeHashAndHashId@Hash_Id,\n\tnegate:true,\n\tpartitionBy('hash', 1),\n\tbroadcast: 'auto')~> CheckNewRecordsFlag1\nCheckNewRecordsFlag1 derive(CDC_Flag = 1,\n\t\tEnteredDate = toString(currentUTC()),\n\tpartitionBy('hash', 1)) ~> AddedColumnsCDCFlag1\nfilterActiveFlag, CreateChangeHashAndHashId exists(ChangeHashAndHashId@Hash_Id == CreateChangeHashAndHashId@Hash_Id,\n\tnegate:true,\n\tpartitionBy('hash', 1),\n\tbroadcast: 'auto')~> CheckSoftDeleteRecordsFlag2\nCheckSoftDeleteRecordsFlag2 derive(CDC_Flag = 2,\n\t\tUpdateDate = toString(currentUTC()),\n\tpartitionBy('hash', 1)) ~> AddedColumnsCDCFlag2\nCreateChangeHashAndHashId, filterActiveFlag exists(CreateChangeHashAndHashId@Change_Hash != ChangeHashAndHashId@Change_Hash && CreateChangeHashAndHashId@Hash_Id == ChangeHashAndHashId@Hash_Id,\n\tnegate:false,\n\tpartitionBy('hash', 1),\n\tbroadcast: 'auto')~> CheckUpdatedRecordsFlag3\nCheckUpdatedRecordsFlag3 derive(CDC_Flag = 3,\n\t\tUpdateDate = toString(currentUTC()),\n\tpartitionBy('hash', 1)) ~> AddedColumnsCDCFlag3\nAddedColumnsCDCFlag3, AddedColumnsCDCFlag1, AddedColumnsCDCFlag2 union(byName: true)~> TargetFileUnion\nDimBlob derive(Change_Hash = toString(byName(\"Change_Hash\")),\n\t\tHash_Id = toString(byName(\"Hash_Id\")),\n\t\tActive_Flag = toString(byName(\"Active_Flag\"))) ~> ChangeHashAndHashId\nChangeHashAndHashId filter(Active_Flag == \"1\") ~> filterActiveFlag\nTargetFileUnion sink(allowSchemaDrift: true,\n\tvalidateSchema: false,\n\tformat: 'delimited',\n\tcontainer: ($Trg_blob_container),\n\tfolderPath: ($Trg_blob_file_path),\n\ttruncate: true,\n\tcolumnDelimiter: ',',\n\tescapeChar: '\\\\',\n\tquoteChar: '\\\"',\n\tcolumnNamesAsHeader: true,\n\tskipDuplicateMapInputs: true,\n\tskipDuplicateMapOutputs: true,\n\tpreCommands: [],\n\tpostCommands: []) ~> TargetDimFile"}},"dependsOn":[]}]}